{"cameraMode":{"drawMode":0,"name":"Shaded","section":"Shading Mode"},"sceneLighting":false,"audioPlay":false,"sceneViewState":{"showFog":true,"showMaterialUpdate":false,"showSkybox":false,"showFlares":true,"showImageEffects":true,"showParticleSystems":true},"in2DMode":false,"pivot":{"x":-0.7728862762451172,"y":6.691467761993408,"z":0.27144575119018557},"rotation":{"x":0.003893116023391485,"y":0.9398980140686035,"z":-0.010712617076933384,"w":0.3412754535675049},"size":13.446187973022461,"orthographic":false}