{"cameraMode":{"drawMode":0,"name":"Shaded","section":"Shading Mode"},"sceneLighting":true,"audioPlay":false,"sceneViewState":{"showFog":true,"showMaterialUpdate":false,"showSkybox":true,"showFlares":true,"showImageEffects":true,"showParticleSystems":true},"in2DMode":false,"pivot":{"x":23.172863006591798,"y":-1.6747448444366456,"z":27.923707962036134},"rotation":{"x":0.06499791890382767,"y":0.925168514251709,"z":-0.1850355565547943,"w":0.32497307658195498},"size":5.818338871002197,"orthographic":false}