{"cameraMode":{"drawMode":0,"name":"Shaded","section":"Shading Mode"},"sceneLighting":true,"audioPlay":false,"sceneViewState":{"showFog":true,"showMaterialUpdate":false,"showSkybox":true,"showFlares":true,"showImageEffects":true,"showParticleSystems":true},"in2DMode":false,"pivot":{"x":20.58447265625,"y":0.5289778709411621,"z":34.217098236083987},"rotation":{"x":0.2510102689266205,"y":0.45035234093666079,"z":-0.133562833070755,"w":0.8463706374168396},"size":3.1933207511901857,"orthographic":false}